ID,FROM,TO,Cable Type,Cable Formation,Circuit Type,Diameter (mm)
W-0001,QG-01,QS-01,FG16OR16,3x2.5+T,Control & Signal,18
W-0002,QS-01,QD-01,FG7(O)R,5x16,Control & Signal,17
W-0003,QD-01,QG-01,H07RN-F,4x10+T,Power,12
W-0004,QD-01,QS-01,H07RN-F,4x10+T,Power,10
W-0005,QS-01,QD-01,FG16OR16,3x2.5+T,Emergency,7
W-0006,QD-01,QS-01,H07RN-F,5x16,Line Supply,30
W-0007,QD-01,QG-01,FG16OR16,3x1.5+T,Power,5
W-0008,QG-01,QD-01,N07V-K,2x1.5,Power,9
W-0009,QG-01,QS-01,FG7M1,3x1.5+T,Data,29
W-0010,QG-01,QS-01,FTG10M1,4x10+T,Lighting,27
W-0011,QG-01,QD-01,FTG10M1,1x2.5,Emergency,27
W-0012,QG-01,QS-01,FTG10M1,2x1.5,Data,23
W-0013,QS-01,QG-01,FG16OR16,4x2.5,Control & Signal,15
W-0014,QS-01,QD-01,FG7M1,4x10+T,Data,11
W-0015,QG-01,QD-01,FG7(O)R,5x16,Line Supply,11
W-0016,QG-01,QS-01,FTG10M1,4x2.5,Lighting,14
W-0017,QS-01,QD-01,FG7M1,3x1.5+T,Line Supply,13
W-0018,QG-01,QD-01,FG16OR16,4x2.5,Power,26
W-0019,QG-01,QD-01,H07RN-F,4x10+T,Line Supply,19
W-0020,QS-01,QG-01,N07V-K,2x1.5,Lighting,22
W-0021,QS-01,QD-01,FG7M1,4x10+T,Data,29
W-0022,QG-01,QS-01,FG7M1,4x10+T,Lighting,25
W-0023,QS-01,QD-01,FG7M1,5x16,Data,26
W-0024,QG-01,QD-01,FTG10M1,3x1.5+T,Power,17
W-0025,QS-01,QD-01,FG16OR16,5x16,Lighting,21
W-0026,QG-01,QS-01,H07RN-F,3x6+T,Lighting,16
W-0027,QG-01,QS-01,FG7M1,3x6+T,Emergency,19
W-0028,QG-01,QD-01,FG7M1,4x10+T,Data,11
W-0029,QS-01,QD-01,N07V-K,1x2.5,Emergency,12
W-0030,QD-01,QG-01,FG7(O)R,4x2.5,Emergency,13
W-0031,QS-01,QD-01,H07RN-F,4x10+T,Power,10
W-0032,QD-01,QS-01,FTG10M1,3x1.5+T,Control & Signal,13
W-0033,QS-01,QD-01,N07V-K,2x1.5,Line Supply,20
W-0034,QS-01,QG-01,FG7M1,5x16,Control & Signal,11
W-0035,QG-01,QD-01,H07RN-F,3x2.5+T,Emergency,5
W-0036,QG-01,QS-01,FG7(O)R,3x2.5+T,Data,26
W-0037,QG-01,QD-01,FTG10M1,4x10+T,Emergency,30
W-0038,QD-01,QG-01,FG7(O)R,2x1.5,Lighting,21
W-0039,QD-01,QS-01,H07RN-F,5x16,Data,24
W-0040,QS-01,QG-01,FG7M1,3x6+T,Lighting,6
W-0041,QD-01,QG-01,FG7M1,3x1.5+T,Data,18
W-0042,QS-01,QG-01,H07RN-F,2x1.5,Lighting,23
W-0043,QG-01,QD-01,FG7M1,3x6+T,Power,9
W-0044,QS-01,QG-01,FG7(O)R,4x2.5,Data,27
W-0045,QS-01,QG-01,H07RN-F,3x6+T,Lighting,9
W-0046,QS-01,QD-01,FG7(O)R,4x10+T,Emergency,20
W-0047,QG-01,QS-01,H07RN-F,3x2.5+T,Emergency,20
W-0048,QG-01,QS-01,FG7(O)R,4x10+T,Power,25
W-0049,QG-01,QD-01,FG7M1,1x2.5,Data,27
W-0050,QD-01,QS-01,N07V-K,4x2.5,Control & Signal,23
W-0051,QD-01,QG-01,N07V-K,2x1.5,Emergency,27
W-0052,QG-01,QS-01,FG7(O)R,3x2.5+T,Power,6
W-0053,QD-01,QG-01,H07RN-F,3x2.5+T,Line Supply,25
W-0054,QD-01,QS-01,FG7(O)R,3x6+T,Control & Signal,16
W-0055,QS-01,QD-01,FTG10M1,3x2.5+T,Control & Signal,17
W-0056,QG-01,QS-01,N07V-K,4x10+T,Lighting,26
W-0057,QG-01,QD-01,H07RN-F,4x10+T,Control & Signal,19
W-0058,QG-01,QS-01,FG7M1,3x6+T,Control & Signal,30
W-0059,QG-01,QS-01,FG16OR16,4x10+T,Data,6
W-0060,QD-01,QG-01,FG16OR16,1x2.5,Power,10
W-0061,QS-01,QD-01,FG16OR16,3x6+T,Lighting,24
W-0062,QG-01,QD-01,H07RN-F,3x1.5+T,Power,15
W-0063,QD-01,QS-01,FG7(O)R,5x16,Control & Signal,28
W-0064,QD-01,QS-01,FG16OR16,3x2.5+T,Data,13
W-0065,QG-01,QS-01,N07V-K,3x1.5+T,Line Supply,16
W-0066,QD-01,QG-01,FG16OR16,5x16,Emergency,27
W-0067,QG-01,QS-01,FTG10M1,5x16,Lighting,27
W-0068,QD-01,QG-01,H07RN-F,2x1.5,Lighting,9
W-0069,QG-01,QS-01,FG7(O)R,2x1.5,Emergency,16
W-0070,QS-01,QD-01,N07V-K,4x10+T,Data,27
W-0071,QD-01,QS-01,FTG10M1,5x16,Emergency,8
W-0072,QD-01,QS-01,N07V-K,3x6+T,Power,11
W-0073,QD-01,QS-01,FG7M1,4x2.5,Lighting,15
W-0074,QS-01,QG-01,FTG10M1,3x6+T,Line Supply,14
W-0075,QD-01,QG-01,N07V-K,3x1.5+T,Lighting,6
W-0076,QG-01,QS-01,FTG10M1,4x2.5,Control & Signal,21
W-0077,QS-01,QG-01,H07RN-F,3x2.5+T,Lighting,28
W-0078,QD-01,QS-01,N07V-K,3x1.5+T,Control & Signal,25
W-0079,QD-01,QS-01,FTG10M1,1x2.5,Data,13
W-0080,QG-01,QS-01,FTG10M1,1x2.5,Control & Signal,22
W-0081,QS-01,QG-01,FG7(O)R,3x2.5+T,Line Supply,23
W-0082,QG-01,QD-01,H07RN-F,2x1.5,Power,26
W-0083,QS-01,QG-01,FTG10M1,4x10+T,Emergency,7
W-0084,QD-01,QG-01,FTG10M1,3x1.5+T,Control & Signal,6
W-0085,QG-01,QS-01,FTG10M1,4x10+T,Lighting,21
W-0086,QS-01,QG-01,FG7(O)R,1x2.5,Power,16
W-0087,QG-01,QS-01,H07RN-F,1x2.5,Control & Signal,12
W-0088,QG-01,QS-01,FG7(O)R,4x10+T,Lighting,8
W-0089,QG-01,QD-01,FG7M1,4x2.5,Power,27
W-0090,QG-01,QS-01,FTG10M1,4x2.5,Lighting,19
W-0091,QD-01,QS-01,FG7(O)R,3x2.5+T,Line Supply,28
W-0092,QS-01,QD-01,FG7M1,4x2.5,Lighting,29
W-0093,QG-01,QS-01,FG16OR16,3x6+T,Control & Signal,16
W-0094,QS-01,QD-01,FG7(O)R,5x16,Data,8
W-0095,QG-01,QD-01,FG7(O)R,2x1.5,Line Supply,27
W-0096,QD-01,QS-01,H07RN-F,3x6+T,Line Supply,10
W-0097,QD-01,QS-01,H07RN-F,4x10+T,Line Supply,6
W-0098,QD-01,QS-01,FTG10M1,3x6+T,Data,13
W-0099,QG-01,QD-01,FG7(O)R,2x1.5,Line Supply,12
W-0100,QD-01,QG-01,FG7(O)R,3x2.5+T,Line Supply,17
W-0101,QD-01,QG-01,FG7(O)R,3x2.5+T,Data,10
W-0102,QD-01,QG-01,FTG10M1,4x2.5,Line Supply,26
W-0103,QS-01,QD-01,H07RN-F,3x2.5+T,Emergency,20
W-0104,QG-01,QD-01,N07V-K,5x16,Control & Signal,30
W-0105,QG-01,QS-01,FG16OR16,5x16,Emergency,27
W-0106,QG-01,QS-01,FG7(O)R,2x1.5,Data,10
W-0107,QD-01,QG-01,FG16OR16,3x6+T,Lighting,12
W-0108,QS-01,QD-01,FG16OR16,1x2.5,Line Supply,6
W-0109,QG-01,QS-01,FG7(O)R,5x16,Line Supply,7
W-0110,QG-01,QS-01,FTG10M1,5x16,Lighting,10
W-0111,QS-01,QD-01,H07RN-F,4x2.5,Emergency,7
W-0112,QD-01,QG-01,FTG10M1,3x2.5+T,Emergency,30
W-0113,QG-01,QD-01,FG7M1,5x16,Data,19
W-0114,QS-01,QD-01,FTG10M1,4x10+T,Line Supply,28
W-0115,QG-01,QS-01,FG7(O)R,4x2.5,Data,27
W-0116,QD-01,QG-01,FG7M1,2x1.5,Lighting,7
W-0117,QS-01,QG-01,FTG10M1,3x1.5+T,Data,6
W-0118,QG-01,QD-01,FG16OR16,4x2.5,Emergency,10
W-0119,QG-01,QS-01,N07V-K,4x2.5,Power,5
W-0120,QG-01,QD-01,FG7(O)R,1x2.5,Lighting,28
W-0121,QS-01,QG-01,N07V-K,4x2.5,Lighting,27
W-0122,QS-01,QG-01,FTG10M1,1x2.5,Data,9
W-0123,QD-01,QS-01,FG7(O)R,3x1.5+T,Data,29
W-0124,QS-01,QD-01,N07V-K,1x2.5,Emergency,11
W-0125,QD-01,QG-01,FG7(O)R,4x10+T,Line Supply,23
W-0126,QD-01,QS-01,N07V-K,3x6+T,Power,19
W-0127,QG-01,QS-01,FG16OR16,4x10+T,Lighting,16
W-0128,QS-01,QG-01,N07V-K,4x10+T,Power,12
W-0129,QS-01,QD-01,N07V-K,5x16,Data,12
W-0130,QD-01,QS-01,FTG10M1,1x2.5,Line Supply,20
W-0131,QG-01,QD-01,H07RN-F,4x10+T,Control & Signal,21
W-0132,QS-01,QD-01,FG16OR16,4x10+T,Lighting,15
W-0133,QS-01,QD-01,H07RN-F,1x2.5,Lighting,5
W-0134,QG-01,QS-01,FG16OR16,3x2.5+T,Lighting,19
W-0135,QD-01,QG-01,H07RN-F,2x1.5,Line Supply,29
W-0136,QG-01,QS-01,H07RN-F,3x6+T,Lighting,7
W-0137,QG-01,QD-01,FTG10M1,3x6+T,Emergency,8
W-0138,QD-01,QS-01,FG7(O)R,1x2.5,Power,10
W-0139,QG-01,QD-01,FTG10M1,4x10+T,Data,24
W-0140,QS-01,QG-01,H07RN-F,4x2.5,Emergency,10
W-0141,QG-01,QD-01,FG7(O)R,5x16,Line Supply,21
W-0142,QD-01,QG-01,FG7(O)R,2x1.5,Line Supply,24
W-0143,QS-01,QG-01,FTG10M1,2x1.5,Control & Signal,9
W-0144,QG-01,QS-01,H07RN-F,4x10+T,Emergency,13
W-0145,QS-01,QG-01,N07V-K,3x1.5+T,Emergency,13
W-0146,QS-01,QD-01,FG7(O)R,4x10+T,Line Supply,18
W-0147,QS-01,QD-01,FTG10M1,3x6+T,Line Supply,25
W-0148,QG-01,QD-01,FG7(O)R,4x2.5,Emergency,14
W-0149,QD-01,QS-01,N07V-K,4x10+T,Line Supply,26
W-0150,QS-01,QD-01,H07RN-F,3x1.5+T,Power,12
W-0151,QG-01,QS-01,FG7M1,4x10+T,Power,10
W-0152,QD-01,QG-01,N07V-K,2x1.5,Lighting,15
W-0153,QD-01,QS-01,FG7M1,5x16,Control & Signal,11
W-0154,QG-01,QD-01,FG7(O)R,4x2.5,Line Supply,12
W-0155,QS-01,QG-01,H07RN-F,5x16,Line Supply,26
W-0156,QD-01,QG-01,FTG10M1,2x1.5,Lighting,11
W-0157,QS-01,QG-01,FG7M1,1x2.5,Control & Signal,12
W-0158,QS-01,QD-01,FG7M1,4x2.5,Line Supply,25
W-0159,QG-01,QS-01,N07V-K,3x2.5+T,Lighting,18
W-0160,QS-01,QD-01,FG16OR16,4x2.5,Data,28
W-0161,QD-01,QG-01,FG7(O)R,3x1.5+T,Control & Signal,28
W-0162,QG-01,QS-01,FG16OR16,4x2.5,Power,28
W-0163,QG-01,QD-01,N07V-K,5x16,Data,29
W-0164,QS-01,QG-01,FG16OR16,4x2.5,Line Supply,18
W-0165,QG-01,QS-01,FG7M1,3x6+T,Emergency,19
W-0166,QG-01,QS-01,FG7(O)R,2x1.5,Emergency,17
W-0167,QD-01,QS-01,FG16OR16,2x1.5,Emergency,21
W-0168,QS-01,QD-01,FTG10M1,1x2.5,Power,21
W-0169,QS-01,QD-01,FG7(O)R,5x16,Emergency,14
W-0170,QD-01,QS-01,H07RN-F,3x1.5+T,Lighting,19
W-0171,QD-01,QS-01,FG7M1,3x1.5+T,Power,15
W-0172,QD-01,QS-01,H07RN-F,3x6+T,Emergency,23
W-0173,QS-01,QD-01,FG16OR16,3x1.5+T,Line Supply,17
W-0174,QS-01,QG-01,FG7M1,3x6+T,Lighting,12
W-0175,QG-01,QS-01,FG7M1,1x2.5,Lighting,11
W-0176,QD-01,QS-01,FG7M1,4x2.5,Lighting,9
W-0177,QD-01,QS-01,FG16OR16,4x10+T,Data,19
W-0178,QG-01,QS-01,FTG10M1,1x2.5,Line Supply,28
W-0179,QG-01,QS-01,FG7(O)R,3x2.5+T,Data,13
W-0180,QD-01,QS-01,FG7M1,3x1.5+T,Lighting,18
W-0181,QD-01,QS-01,FG7M1,4x10+T,Control & Signal,18
W-0182,QS-01,QD-01,FG7M1,4x10+T,Line Supply,6
W-0183,QG-01,QS-01,FG7(O)R,1x2.5,Power,12
W-0184,QS-01,QG-01,FG7M1,3x6+T,Line Supply,15
W-0185,QG-01,QS-01,FTG10M1,4x10+T,Control & Signal,7
W-0186,QS-01,QD-01,H07RN-F,1x2.5,Data,13
W-0187,QG-01,QD-01,FG16OR16,2x1.5,Control & Signal,26
W-0188,QS-01,QD-01,N07V-K,5x16,Data,7
W-0189,QS-01,QG-01,FG7M1,4x10+T,Power,9
W-0190,QG-01,QD-01,H07RN-F,1x2.5,Lighting,8
W-0191,QG-01,QD-01,N07V-K,5x16,Line Supply,17
W-0192,QS-01,QD-01,FG7M1,1x2.5,Data,26
W-0193,QG-01,QD-01,FTG10M1,4x10+T,Emergency,21
W-0194,QS-01,QD-01,FG16OR16,3x1.5+T,Line Supply,18
W-0195,QD-01,QS-01,FG16OR16,1x2.5,Lighting,27
W-0196,QS-01,QG-01,FG7M1,4x2.5,Power,17
W-0197,QS-01,QG-01,FG7M1,5x16,Data,16
W-0198,QS-01,QD-01,FG16OR16,4x10+T,Line Supply,9
W-0199,QD-01,QS-01,FG7M1,3x2.5+T,Power,28
W-0200,QS-01,QD-01,FG16OR16,3x2.5+T,Emergency,28
W-0201,QD-01,QG-01,FG7M1,2x1.5,Control & Signal,23
W-0202,QS-01,QG-01,FTG10M1,3x6+T,Power,19
W-0203,QD-01,QG-01,FG7M1,3x2.5+T,Lighting,28
W-0204,QD-01,QS-01,FTG10M1,1x2.5,Lighting,9
W-0205,QD-01,QG-01,FG7M1,5x16,Line Supply,20
W-0206,QS-01,QD-01,FG7(O)R,4x10+T,Data,30
W-0207,QD-01,QS-01,FG7M1,3x1.5+T,Lighting,9
W-0208,QS-01,QG-01,FTG10M1,1x2.5,Power,15
W-0209,QG-01,QS-01,N07V-K,5x16,Lighting,19
W-0210,QG-01,QD-01,FTG10M1,3x6+T,Power,15
W-0211,QG-01,QS-01,FG7M1,5x16,Lighting,23
W-0212,QD-01,QG-01,FG16OR16,3x6+T,Lighting,9
W-0213,QD-01,QG-01,FG7M1,3x6+T,Power,30
W-0214,QS-01,QG-01,N07V-K,3x6+T,Line Supply,25
W-0215,QS-01,QG-01,FG16OR16,3x6+T,Data,26
W-0216,QS-01,QG-01,FG16OR16,1x2.5,Control & Signal,27
W-0217,QD-01,QG-01,H07RN-F,2x1.5,Data,15
W-0218,QD-01,QS-01,N07V-K,4x2.5,Lighting,10
W-0219,QD-01,QG-01,N07V-K,2x1.5,Power,21
W-0220,QD-01,QG-01,FG7(O)R,3x6+T,Data,15
W-0221,QG-01,QD-01,FG7(O)R,3x6+T,Emergency,23
W-0222,QG-01,QD-01,FG7M1,4x10+T,Line Supply,7
W-0223,QG-01,QS-01,N07V-K,3x1.5+T,Emergency,8
W-0224,QD-01,QS-01,FG16OR16,4x2.5,Line Supply,11
W-0225,QS-01,QG-01,FG7(O)R,2x1.5,Power,10
W-0226,QD-01,QS-01,H07RN-F,3x6+T,Lighting,27
W-0227,QD-01,QS-01,H07RN-F,3x2.5+T,Data,7
W-0228,QS-01,QG-01,FG16OR16,1x2.5,Power,22
W-0229,QS-01,QG-01,FG7M1,1x2.5,Data,28
W-0230,QD-01,QG-01,H07RN-F,4x10+T,Control & Signal,7
W-0231,QS-01,QG-01,FG7M1,3x2.5+T,Control & Signal,14
W-0232,QD-01,QS-01,FG7M1,3x6+T,Control & Signal,23
W-0233,QS-01,QD-01,H07RN-F,4x10+T,Control & Signal,11
W-0234,QS-01,QD-01,FG7M1,3x2.5+T,Power,7
W-0235,QD-01,QG-01,FG7M1,5x16,Emergency,5
W-0236,QS-01,QD-01,FTG10M1,4x10+T,Data,16
W-0237,QS-01,QG-01,FG16OR16,1x2.5,Control & Signal,6
W-0238,QD-01,QG-01,FG7M1,1x2.5,Data,24
W-0239,QD-01,QS-01,H07RN-F,1x2.5,Line Supply,13
W-0240,QS-01,QG-01,N07V-K,4x2.5,Lighting,30
W-0241,QS-01,QD-01,FG7(O)R,4x10+T,Power,20
W-0242,QD-01,QG-01,H07RN-F,5x16,Line Supply,24
W-0243,QS-01,QD-01,FG7(O)R,4x2.5,Emergency,17
W-0244,QG-01,QD-01,FTG10M1,4x2.5,Line Supply,22
W-0245,QS-01,QD-01,H07RN-F,4x2.5,Lighting,16
W-0246,QG-01,QD-01,FG16OR16,3x2.5+T,Data,10
W-0247,QD-01,QS-01,FG16OR16,4x10+T,Control & Signal,24
W-0248,QD-01,QG-01,FTG10M1,2x1.5,Lighting,30
W-0249,QD-01,QG-01,FTG10M1,4x2.5,Control & Signal,29
W-0250,QD-01,QG-01,FTG10M1,3x2.5+T,Line Supply,14
W-0251,QG-01,QD-01,FG7M1,2x1.5,Data,5
W-0252,QG-01,QS-01,FTG10M1,4x10+T,Power,12
W-0253,QD-01,QG-01,FTG10M1,1x2.5,Line Supply,19
W-0254,QS-01,QD-01,FG16OR16,4x2.5,Control & Signal,29
W-0255,QS-01,QG-01,FTG10M1,3x1.5+T,Data,22
W-0256,QD-01,QS-01,FG7M1,5x16,Control & Signal,25
W-0257,QD-01,QG-01,FG7M1,1x2.5,Control & Signal,13
W-0258,QD-01,QS-01,N07V-K,3x1.5+T,Power,25
W-0259,QD-01,QG-01,FG7(O)R,3x6+T,Power,29
W-0260,QG-01,QS-01,FTG10M1,1x2.5,Power,23
W-0261,QG-01,QS-01,FG16OR16,3x6+T,Data,5
W-0262,QG-01,QS-01,FTG10M1,5x16,Emergency,5
W-0263,QD-01,QG-01,H07RN-F,3x6+T,Lighting,6
W-0264,QS-01,QG-01,FG7M1,4x2.5,Control & Signal,9
W-0265,QS-01,QD-01,FG7M1,2x1.5,Control & Signal,22
W-0266,QG-01,QD-01,FG7M1,5x16,Line Supply,27
W-0267,QS-01,QG-01,H07RN-F,4x10+T,Data,24
W-0268,QD-01,QS-01,FG7(O)R,4x2.5,Power,26
W-0269,QD-01,QG-01,FTG10M1,3x2.5+T,Line Supply,18
W-0270,QS-01,QG-01,FG16OR16,1x2.5,Line Supply,18
W-0271,QD-01,QG-01,FG16OR16,4x2.5,Lighting,11
W-0272,QG-01,QS-01,H07RN-F,2x1.5,Data,8
W-0273,QD-01,QG-01,N07V-K,3x2.5+T,Lighting,30
W-0274,QS-01,QG-01,FG7M1,2x1.5,Power,10
W-0275,QS-01,QG-01,FG7(O)R,4x2.5,Lighting,12
W-0276,QG-01,QS-01,FG16OR16,5x16,Emergency,17
W-0277,QD-01,QS-01,FTG10M1,5x16,Lighting,14
W-0278,QD-01,QS-01,FTG10M1,3x2.5+T,Data,20
W-0279,QG-01,QD-01,H07RN-F,3x2.5+T,Line Supply,17
W-0280,QS-01,QG-01,FG16OR16,5x16,Lighting,13
W-0281,QS-01,QG-01,FG16OR16,3x1.5+T,Power,9
W-0282,QS-01,QG-01,FG7M1,3x2.5+T,Line Supply,16
W-0283,QD-01,QG-01,FTG10M1,2x1.5,Power,28
W-0284,QD-01,QG-01,FG7M1,2x1.5,Line Supply,20
W-0285,QD-01,QG-01,H07RN-F,3x1.5+T,Emergency,27
W-0286,QS-01,QG-01,FG7M1,3x6+T,Emergency,6
W-0287,QG-01,QS-01,FTG10M1,3x1.5+T,Power,15
W-0288,QD-01,QS-01,FG7(O)R,3x2.5+T,Line Supply,14
W-0289,QS-01,QG-01,H07RN-F,3x2.5+T,Control & Signal,25
W-0290,QD-01,QS-01,FTG10M1,4x10+T,Data,28
W-0291,QD-01,QG-01,N07V-K,2x1.5,Line Supply,9
W-0292,QG-01,QD-01,FTG10M1,1x2.5,Data,23
W-0293,QS-01,QG-01,FG16OR16,4x10+T,Emergency,17
W-0294,QD-01,QS-01,H07RN-F,1x2.5,Control & Signal,18
W-0295,QD-01,QS-01,FG16OR16,3x6+T,Line Supply,13
W-0296,QD-01,QG-01,N07V-K,2x1.5,Line Supply,10
W-0297,QS-01,QD-01,FG7(O)R,1x2.5,Lighting,11
W-0298,QS-01,QD-01,FG7M1,2x1.5,Control & Signal,28
W-0299,QS-01,QD-01,N07V-K,4x2.5,Data,13
W-0300,QS-01,QD-01,N07V-K,2x1.5,Data,5
W-0301,QD-01,QS-01,H07RN-F,4x10+T,Emergency,18
W-0302,QD-01,QG-01,FG7M1,1x2.5,Emergency,5
W-0303,QD-01,QG-01,FG7M1,1x2.5,Power,28
W-0304,QD-01,QS-01,N07V-K,4x2.5,Control & Signal,8
W-0305,QG-01,QS-01,H07RN-F,1x2.5,Emergency,6
W-0306,QS-01,QD-01,FG16OR16,1x2.5,Line Supply,6
W-0307,QD-01,QG-01,FG7M1,1x2.5,Data,25
W-0308,QS-01,QG-01,FG16OR16,5x16,Emergency,22
W-0309,QG-01,QS-01,FG7M1,1x2.5,Data,10
W-0310,QS-01,QG-01,FG16OR16,4x10+T,Emergency,7
W-0311,QD-01,QS-01,FG7(O)R,2x1.5,Lighting,11
W-0312,QS-01,QG-01,H07RN-F,3x1.5+T,Control & Signal,28
W-0313,QD-01,QS-01,FG7(O)R,3x6+T,Control & Signal,21
W-0314,QD-01,QG-01,FTG10M1,3x1.5+T,Data,12
W-0315,QD-01,QS-01,FG7M1,3x1.5+T,Line Supply,5
W-0316,QG-01,QD-01,N07V-K,4x10+T,Lighting,13
W-0317,QD-01,QS-01,FG16OR16,2x1.5,Data,19
W-0318,QG-01,QS-01,FG7M1,1x2.5,Line Supply,25
W-0319,QG-01,QS-01,FG7M1,3x2.5+T,Lighting,27
W-0320,QS-01,QD-01,FTG10M1,5x16,Emergency,25
W-0321,QG-01,QD-01,H07RN-F,3x2.5+T,Lighting,9
W-0322,QG-01,QD-01,FG7(O)R,1x2.5,Power,26
W-0323,QG-01,QS-01,FG7(O)R,3x1.5+T,Line Supply,19
W-0324,QD-01,QS-01,FG16OR16,4x10+T,Power,5
W-0325,QS-01,QG-01,FTG10M1,3x1.5+T,Data,15
W-0326,QS-01,QG-01,FG7M1,3x2.5+T,Line Supply,6
W-0327,QS-01,QG-01,N07V-K,5x16,Line Supply,13
W-0328,QG-01,QD-01,FG7M1,3x1.5+T,Data,20
W-0329,QD-01,QS-01,H07RN-F,4x10+T,Data,12
W-0330,QS-01,QG-01,H07RN-F,3x1.5+T,Lighting,30
W-0331,QS-01,QD-01,FG7M1,4x2.5,Emergency,28
W-0332,QS-01,QD-01,FG7(O)R,3x6+T,Power,9
W-0333,QD-01,QS-01,N07V-K,4x2.5,Line Supply,5
W-0334,QS-01,QG-01,FTG10M1,5x16,Power,29
W-0335,QG-01,QD-01,H07RN-F,1x2.5,Power,25
W-0336,QG-01,QD-01,H07RN-F,3x1.5+T,Emergency,16
W-0337,QS-01,QG-01,FG7M1,3x1.5+T,Data,28
W-0338,QS-01,QG-01,FG7M1,2x1.5,Power,20
W-0339,QD-01,QG-01,FTG10M1,3x6+T,Power,7
W-0340,QD-01,QS-01,FTG10M1,3x6+T,Lighting,28
W-0341,QD-01,QS-01,FTG10M1,4x10+T,Emergency,17
W-0342,QS-01,QD-01,FG16OR16,4x10+T,Lighting,17
W-0343,QG-01,QD-01,N07V-K,5x16,Lighting,18
W-0344,QD-01,QG-01,FG7(O)R,4x10+T,Control & Signal,21
W-0345,QS-01,QG-01,FG7(O)R,3x1.5+T,Emergency,22
W-0346,QS-01,QD-01,FG7(O)R,4x10+T,Control & Signal,29
W-0347,QS-01,QD-01,FG7(O)R,3x1.5+T,Control & Signal,25
W-0348,QS-01,QG-01,FG16OR16,3x2.5+T,Lighting,10
W-0349,QD-01,QG-01,FG7(O)R,4x10+T,Lighting,8
W-0350,QG-01,QD-01,FG16OR16,2x1.5,Power,7
W-0351,QD-01,QG-01,H07RN-F,1x2.5,Power,29
W-0352,QD-01,QS-01,FTG10M1,4x10+T,Data,10
W-0353,QG-01,QD-01,FG16OR16,3x1.5+T,Lighting,24
W-0354,QS-01,QG-01,FG7(O)R,1x2.5,Line Supply,19
W-0355,QD-01,QS-01,FTG10M1,2x1.5,Emergency,13
W-0356,QS-01,QG-01,FG7(O)R,1x2.5,Control & Signal,20
W-0357,QG-01,QD-01,FG16OR16,1x2.5,Lighting,13
W-0358,QG-01,QD-01,H07RN-F,1x2.5,Power,5
W-0359,QG-01,QD-01,FG7M1,3x1.5+T,Lighting,27
W-0360,QD-01,QG-01,FG16OR16,3x6+T,Data,28
W-0361,QG-01,QD-01,H07RN-F,5x16,Lighting,30
W-0362,QG-01,QS-01,FG7(O)R,5x16,Control & Signal,15
W-0363,QG-01,QS-01,H07RN-F,5x16,Line Supply,10
W-0364,QD-01,QG-01,N07V-K,4x2.5,Power,15
W-0365,QD-01,QG-01,FG7(O)R,2x1.5,Emergency,7
W-0366,QG-01,QS-01,FG7(O)R,3x2.5+T,Control & Signal,28
W-0367,QD-01,QS-01,H07RN-F,1x2.5,Line Supply,6
W-0368,QD-01,QG-01,FG7M1,2x1.5,Data,17
W-0369,QS-01,QD-01,FG7(O)R,4x10+T,Emergency,29
W-0370,QS-01,QD-01,FG7(O)R,2x1.5,Lighting,25
W-0371,QS-01,QG-01,FTG10M1,4x2.5,Data,22
W-0372,QG-01,QD-01,H07RN-F,4x10+T,Lighting,17
W-0373,QS-01,QD-01,FG7M1,4x2.5,Emergency,24
W-0374,QS-01,QG-01,N07V-K,4x2.5,Line Supply,15
W-0375,QD-01,QG-01,FG16OR16,1x2.5,Data,19
W-0376,QG-01,QS-01,H07RN-F,3x1.5+T,Line Supply,6
W-0377,QS-01,QD-01,FTG10M1,5x16,Lighting,8
W-0378,QS-01,QG-01,FTG10M1,2x1.5,Control & Signal,5
W-0379,QS-01,QG-01,FG7M1,3x6+T,Control & Signal,13
W-0380,QD-01,QS-01,FG16OR16,5x16,Line Supply,5
W-0381,QG-01,QS-01,FTG10M1,3x2.5+T,Lighting,27
W-0382,QG-01,QD-01,H07RN-F,1x2.5,Control & Signal,25
W-0383,QG-01,QS-01,H07RN-F,1x2.5,Line Supply,15
W-0384,QS-01,QD-01,FG7M1,1x2.5,Lighting,10
W-0385,QG-01,QS-01,H07RN-F,1x2.5,Data,7
W-0386,QG-01,QS-01,FG7(O)R,3x6+T,Emergency,15
W-0387,QG-01,QD-01,FG7M1,2x1.5,Control & Signal,9
W-0388,QG-01,QS-01,FG7(O)R,4x10+T,Power,19
W-0389,QS-01,QG-01,FTG10M1,3x6+T,Emergency,18
W-0390,QG-01,QD-01,FG7M1,1x2.5,Lighting,21
W-0391,QD-01,QG-01,FG16OR16,3x1.5+T,Lighting,5
W-0392,QG-01,QD-01,FTG10M1,4x2.5,Power,15
W-0393,QD-01,QG-01,FG7(O)R,4x10+T,Emergency,17
W-0394,QD-01,QG-01,FG7(O)R,3x2.5+T,Emergency,9
W-0395,QG-01,QS-01,FTG10M1,1x2.5,Emergency,17
W-0396,QD-01,QG-01,FG16OR16,3x2.5+T,Control & Signal,12
W-0397,QS-01,QD-01,H07RN-F,3x1.5+T,Power,9
W-0398,QD-01,QG-01,FG7(O)R,2x1.5,Line Supply,23
W-0399,QD-01,QS-01,FG7M1,3x6+T,Control & Signal,12
W-0400,QG-01,QS-01,N07V-K,2x1.5,Emergency,22
W-0401,QD-01,QS-01,FG7(O)R,4x2.5,Data,13
W-0402,QD-01,QS-01,FG7M1,1x2.5,Emergency,8
W-0403,QD-01,QS-01,H07RN-F,4x10+T,Emergency,16
W-0404,QD-01,QG-01,H07RN-F,4x2.5,Power,8
W-0405,QS-01,QG-01,FG16OR16,4x10+T,Line Supply,17
W-0406,QD-01,QS-01,N07V-K,3x2.5+T,Control & Signal,6
W-0407,QG-01,QS-01,N07V-K,4x2.5,Emergency,25
W-0408,QD-01,QS-01,FG16OR16,4x2.5,Power,16
W-0409,QS-01,QD-01,FTG10M1,3x2.5+T,Power,7
W-0410,QD-01,QG-01,FG7M1,4x2.5,Line Supply,20
W-0411,QS-01,QD-01,FG16OR16,3x1.5+T,Control & Signal,14
W-0412,QS-01,QG-01,N07V-K,3x6+T,Emergency,5
W-0413,QS-01,QG-01,FG7M1,1x2.5,Power,23
W-0414,QG-01,QS-01,FG7M1,3x2.5+T,Lighting,6
W-0415,QG-01,QS-01,FG7M1,3x6+T,Power,24
W-0416,QG-01,QS-01,FG16OR16,1x2.5,Power,28
W-0417,QD-01,QS-01,FG7M1,1x2.5,Power,9
W-0418,QG-01,QS-01,FG7M1,5x16,Power,16
W-0419,QS-01,QG-01,FTG10M1,4x10+T,Line Supply,8
W-0420,QG-01,QS-01,FG7(O)R,3x2.5+T,Lighting,20
W-0421,QS-01,QG-01,FG16OR16,1x2.5,Data,29
W-0422,QD-01,QS-01,FTG10M1,4x2.5,Line Supply,5
W-0423,QS-01,QD-01,H07RN-F,3x1.5+T,Power,29
W-0424,QS-01,QD-01,FG7M1,4x10+T,Power,29
W-0425,QS-01,QG-01,N07V-K,5x16,Lighting,21
W-0426,QG-01,QD-01,N07V-K,4x2.5,Control & Signal,26
W-0427,QS-01,QD-01,FG16OR16,3x6+T,Emergency,10
W-0428,QG-01,QD-01,FG16OR16,4x10+T,Data,18
W-0429,QD-01,QS-01,FG7M1,1x2.5,Emergency,14
W-0430,QS-01,QD-01,FG7M1,2x1.5,Line Supply,30
W-0431,QD-01,QG-01,FTG10M1,4x2.5,Lighting,21
W-0432,QG-01,QD-01,FG7M1,3x1.5+T,Line Supply,11
W-0433,QD-01,QG-01,H07RN-F,2x1.5,Lighting,20
W-0434,QS-01,QD-01,N07V-K,3x2.5+T,Control & Signal,17
W-0435,QG-01,QS-01,FG7M1,3x1.5+T,Data,10
W-0436,QG-01,QS-01,FG7M1,5x16,Lighting,16
W-0437,QG-01,QS-01,FTG10M1,2x1.5,Line Supply,13
W-0438,QG-01,QS-01,N07V-K,4x2.5,Line Supply,19
W-0439,QD-01,QG-01,FG7(O)R,5x16,Power,28
W-0440,QG-01,QS-01,H07RN-F,5x16,Power,25
W-0441,QG-01,QS-01,N07V-K,2x1.5,Line Supply,26
W-0442,QS-01,QD-01,FG7M1,2x1.5,Lighting,14
W-0443,QD-01,QG-01,N07V-K,4x2.5,Control & Signal,19
W-0444,QG-01,QD-01,FTG10M1,2x1.5,Data,14
W-0445,QD-01,QG-01,H07RN-F,2x1.5,Power,18
W-0446,QG-01,QS-01,FG16OR16,5x16,Emergency,7
W-0447,QG-01,QD-01,H07RN-F,4x2.5,Data,10
W-0448,QS-01,QD-01,FG16OR16,3x2.5+T,Lighting,30
W-0449,QS-01,QD-01,FG16OR16,3x6+T,Line Supply,7
W-0450,QS-01,QD-01,FG7(O)R,1x2.5,Power,14
W-0451,QD-01,QG-01,FG7M1,4x2.5,Power,20
W-0452,QG-01,QD-01,FG7(O)R,4x2.5,Data,13
W-0453,QD-01,QS-01,FG16OR16,3x6+T,Control & Signal,13
W-0454,QG-01,QS-01,H07RN-F,3x2.5+T,Lighting,18
W-0455,QS-01,QD-01,H07RN-F,3x6+T,Control & Signal,28
W-0456,QG-01,QS-01,N07V-K,3x6+T,Line Supply,11
W-0457,QD-01,QG-01,FG16OR16,3x2.5+T,Power,12
W-0458,QD-01,QS-01,FG7M1,4x2.5,Control & Signal,29
W-0459,QS-01,QD-01,FG16OR16,3x2.5+T,Emergency,20
W-0460,QG-01,QD-01,FTG10M1,5x16,Data,14
W-0461,QG-01,QS-01,H07RN-F,4x10+T,Line Supply,21
W-0462,QS-01,QD-01,N07V-K,3x1.5+T,Emergency,25
W-0463,QD-01,QG-01,FG7M1,4x10+T,Emergency,16
W-0464,QG-01,QS-01,FG16OR16,4x10+T,Line Supply,24
W-0465,QD-01,QG-01,FG7(O)R,3x6+T,Emergency,9
W-0466,QS-01,QD-01,FG7(O)R,3x6+T,Emergency,30
W-0467,QS-01,QG-01,H07RN-F,3x1.5+T,Control & Signal,13
W-0468,QG-01,QD-01,N07V-K,3x2.5+T,Emergency,15
W-0469,QD-01,QG-01,N07V-K,4x10+T,Power,29
W-0470,QG-01,QS-01,FG7(O)R,5x16,Power,29
W-0471,QG-01,QS-01,H07RN-F,3x6+T,Lighting,13
W-0472,QD-01,QS-01,FTG10M1,5x16,Lighting,18
W-0473,QS-01,QD-01,FTG10M1,3x6+T,Emergency,11
W-0474,QG-01,QD-01,FG7M1,2x1.5,Emergency,11
W-0475,QS-01,QG-01,FG7M1,3x6+T,Control & Signal,22
W-0476,QG-01,QD-01,FG7(O)R,1x2.5,Control & Signal,18
W-0477,QD-01,QG-01,FG16OR16,3x6+T,Emergency,16
W-0478,QG-01,QD-01,FG16OR16,5x16,Data,26
W-0479,QD-01,QG-01,FG16OR16,3x1.5+T,Lighting,25
W-0480,QD-01,QS-01,N07V-K,1x2.5,Emergency,26
W-0481,QS-01,QD-01,FG7(O)R,3x2.5+T,Data,19
W-0482,QG-01,QS-01,N07V-K,4x10+T,Line Supply,12
W-0483,QS-01,QD-01,FG16OR16,3x6+T,Power,16
W-0484,QS-01,QD-01,FTG10M1,3x1.5+T,Emergency,20
W-0485,QS-01,QD-01,N07V-K,5x16,Emergency,22
W-0486,QG-01,QD-01,H07RN-F,5x16,Power,27
W-0487,QG-01,QS-01,FTG10M1,3x2.5+T,Lighting,30
W-0488,QS-01,QG-01,FG7M1,2x1.5,Emergency,28
W-0489,QG-01,QD-01,FTG10M1,3x2.5+T,Lighting,16
W-0490,QG-01,QS-01,N07V-K,4x2.5,Control & Signal,15
W-0491,QG-01,QD-01,FG7M1,5x16,Power,17
W-0492,QG-01,QS-01,FTG10M1,3x6+T,Power,21
W-0493,QS-01,QD-01,H07RN-F,4x10+T,Line Supply,24
W-0494,QG-01,QD-01,FG7M1,3x6+T,Line Supply,9
W-0495,QG-01,QD-01,FG7(O)R,2x1.5,Line Supply,28
W-0496,QG-01,QD-01,FG7(O)R,1x2.5,Data,5
W-0497,QG-01,QS-01,FTG10M1,4x10+T,Emergency,14
W-0498,QS-01,QG-01,FG16OR16,3x1.5+T,Control & Signal,28
W-0499,QS-01,QD-01,FTG10M1,3x2.5+T,Line Supply,10
W-0500,QS-01,QG-01,FG7(O)R,3x1.5+T,Line Supply,27
W-0501,QG-01,QD-01,FG16OR16,2x1.5,Data,7
W-0502,QS-01,QD-01,FG7(O)R,2x1.5,Data,16
W-0503,QG-01,QD-01,FG16OR16,3x2.5+T,Line Supply,17
W-0504,QD-01,QS-01,FG7M1,4x2.5,Line Supply,23
W-0505,QD-01,QG-01,FG16OR16,3x6+T,Control & Signal,19
W-0506,QG-01,QS-01,N07V-K,2x1.5,Data,29
W-0507,QD-01,QG-01,FG7M1,1x2.5,Lighting,5
W-0508,QG-01,QD-01,H07RN-F,5x16,Control & Signal,19
W-0509,QG-01,QS-01,FG7(O)R,5x16,Emergency,14
W-0510,QD-01,QS-01,FG16OR16,1x2.5,Line Supply,18
W-0511,QS-01,QG-01,H07RN-F,4x2.5,Data,27
W-0512,QS-01,QD-01,N07V-K,3x2.5+T,Lighting,5
W-0513,QG-01,QS-01,FTG10M1,4x2.5,Data,16
W-0514,QS-01,QD-01,FTG10M1,4x10+T,Lighting,22
W-0515,QG-01,QS-01,H07RN-F,2x1.5,Lighting,14
W-0516,QG-01,QD-01,H07RN-F,2x1.5,Line Supply,25
W-0517,QD-01,QS-01,N07V-K,2x1.5,Line Supply,25
W-0518,QD-01,QS-01,FTG10M1,4x2.5,Emergency,8
W-0519,QG-01,QS-01,FTG10M1,4x2.5,Data,20
W-0520,QS-01,QG-01,H07RN-F,3x2.5+T,Data,30
W-0521,QS-01,QG-01,H07RN-F,3x6+T,Line Supply,29
W-0522,QS-01,QD-01,FG7(O)R,3x6+T,Line Supply,8
W-0523,QG-01,QD-01,FG7(O)R,4x10+T,Power,22
W-0524,QG-01,QD-01,FG7(O)R,4x10+T,Line Supply,25
W-0525,QD-01,QS-01,FTG10M1,4x10+T,Line Supply,24
W-0526,QS-01,QD-01,FG7M1,3x6+T,Power,10
W-0527,QG-01,QD-01,H07RN-F,4x2.5,Line Supply,29
W-0528,QG-01,QS-01,FG7M1,4x10+T,Power,22
W-0529,QD-01,QG-01,FTG10M1,4x10+T,Emergency,7
W-0530,QG-01,QD-01,FTG10M1,3x1.5+T,Line Supply,21
W-0531,QS-01,QD-01,FG16OR16,3x1.5+T,Line Supply,18
W-0532,QG-01,QS-01,FG16OR16,3x6+T,Lighting,5
W-0533,QS-01,QG-01,FG16OR16,3x6+T,Power,17
W-0534,QG-01,QS-01,H07RN-F,3x1.5+T,Lighting,15
W-0535,QG-01,QS-01,FG7(O)R,1x2.5,Line Supply,25
W-0536,QS-01,QG-01,FG7(O)R,3x2.5+T,Power,6
W-0537,QG-01,QD-01,FG7(O)R,3x2.5+T,Emergency,5
W-0538,QS-01,QG-01,FG7(O)R,2x1.5,Lighting,17
W-0539,QG-01,QD-01,FTG10M1,4x10+T,Line Supply,5
W-0540,QG-01,QS-01,H07RN-F,4x10+T,Line Supply,10
W-0541,QG-01,QD-01,FG7(O)R,2x1.5,Lighting,8
W-0542,QG-01,QS-01,N07V-K,4x2.5,Power,25
W-0543,QD-01,QS-01,FG16OR16,3x6+T,Lighting,12
W-0544,QS-01,QG-01,H07RN-F,2x1.5,Power,12
W-0545,QS-01,QD-01,N07V-K,5x16,Lighting,27
W-0546,QD-01,QG-01,H07RN-F,2x1.5,Line Supply,11
W-0547,QS-01,QD-01,FG7(O)R,5x16,Power,16
W-0548,QD-01,QG-01,FG7(O)R,3x2.5+T,Data,9
W-0549,QS-01,QG-01,FTG10M1,3x1.5+T,Power,24
W-0550,QS-01,QG-01,FG7(O)R,5x16,Data,23
W-0551,QG-01,QS-01,FG16OR16,2x1.5,Data,21
W-0552,QG-01,QS-01,FG7(O)R,5x16,Power,19
W-0553,QG-01,QD-01,H07RN-F,3x1.5+T,Data,27
W-0554,QD-01,QG-01,H07RN-F,3x6+T,Data,14
W-0555,QS-01,QD-01,N07V-K,1x2.5,Control & Signal,25
W-0556,QS-01,QG-01,H07RN-F,4x10+T,Control & Signal,8
W-0557,QS-01,QG-01,FG16OR16,4x10+T,Data,10
W-0558,QS-01,QG-01,H07RN-F,4x2.5,Lighting,20
W-0559,QD-01,QG-01,N07V-K,2x1.5,Emergency,17
W-0560,QG-01,QS-01,FG16OR16,2x1.5,Control & Signal,14
W-0561,QD-01,QG-01,FG7M1,3x2.5+T,Lighting,12
W-0562,QD-01,QG-01,FG7M1,1x2.5,Lighting,18
W-0563,QS-01,QG-01,FG7(O)R,3x6+T,Power,16
W-0564,QS-01,QD-01,FG7(O)R,3x1.5+T,Power,25
W-0565,QD-01,QG-01,FTG10M1,3x1.5+T,Power,16
W-0566,QS-01,QD-01,FG16OR16,2x1.5,Emergency,22
W-0567,QD-01,QG-01,FG16OR16,3x1.5+T,Line Supply,24
W-0568,QS-01,QG-01,FG7M1,3x1.5+T,Power,20
W-0569,QD-01,QS-01,FTG10M1,3x2.5+T,Emergency,26
W-0570,QG-01,QS-01,FG7(O)R,3x6+T,Lighting,18
W-0571,QG-01,QD-01,FG7(O)R,3x2.5+T,Control & Signal,15
W-0572,QD-01,QG-01,N07V-K,4x10+T,Line Supply,25
W-0573,QG-01,QS-01,FG7(O)R,4x10+T,Control & Signal,17
W-0574,QD-01,QS-01,FG7M1,3x6+T,Emergency,25
W-0575,QD-01,QS-01,N07V-K,3x6+T,Emergency,16
W-0576,QD-01,QS-01,FTG10M1,2x1.5,Data,5
W-0577,QD-01,QS-01,FG7(O)R,3x6+T,Line Supply,29
W-0578,QG-01,QD-01,H07RN-F,5x16,Power,6
W-0579,QG-01,QS-01,H07RN-F,3x1.5+T,Power,8
W-0580,QS-01,QG-01,FG7M1,1x2.5,Lighting,21
W-0581,QG-01,QS-01,FG7M1,3x2.5+T,Power,13
W-0582,QS-01,QD-01,FG7(O)R,5x16,Lighting,20
W-0583,QG-01,QD-01,FG7M1,3x1.5+T,Lighting,19
W-0584,QG-01,QS-01,N07V-K,3x6+T,Line Supply,20
W-0585,QS-01,QG-01,FTG10M1,3x6+T,Power,11
W-0586,QS-01,QG-01,H07RN-F,1x2.5,Lighting,26
W-0587,QD-01,QG-01,N07V-K,2x1.5,Data,6
W-0588,QD-01,QS-01,FG7(O)R,2x1.5,Emergency,10
W-0589,QS-01,QG-01,FG7(O)R,4x10+T,Data,20
W-0590,QD-01,QS-01,H07RN-F,5x16,Control & Signal,9
W-0591,QS-01,QD-01,FG16OR16,4x2.5,Emergency,20
W-0592,QD-01,QG-01,FG7(O)R,3x2.5+T,Line Supply,7
W-0593,QS-01,QG-01,FG16OR16,1x2.5,Data,19
W-0594,QS-01,QD-01,FG7M1,4x10+T,Lighting,14
W-0595,QG-01,QS-01,H07RN-F,5x16,Emergency,5
W-0596,QS-01,QD-01,FG16OR16,4x2.5,Data,16
W-0597,QS-01,QG-01,N07V-K,1x2.5,Emergency,14
W-0598,QS-01,QD-01,FG16OR16,3x1.5+T,Data,21
W-0599,QD-01,QG-01,H07RN-F,3x2.5+T,Control & Signal,11
W-0600,QS-01,QG-01,N07V-K,4x2.5,Power,17
W-0601,QG-01,QD-01,FTG10M1,2x1.5,Power,10
W-0602,QD-01,QS-01,N07V-K,2x1.5,Line Supply,17
W-0603,QD-01,QG-01,H07RN-F,3x2.5+T,Control & Signal,26
W-0604,QD-01,QG-01,FG7M1,1x2.5,Line Supply,29
W-0605,QD-01,QG-01,H07RN-F,4x2.5,Lighting,19
W-0606,QG-01,QS-01,FG7(O)R,3x1.5+T,Power,10
W-0607,QD-01,QG-01,FG7(O)R,3x1.5+T,Line Supply,13
W-0608,QD-01,QS-01,FG16OR16,1x2.5,Emergency,13
W-0609,QS-01,QD-01,FTG10M1,1x2.5,Lighting,27
W-0610,QS-01,QG-01,FG16OR16,2x1.5,Lighting,24
W-0611,QG-01,QS-01,FG7(O)R,4x10+T,Power,22
W-0612,QD-01,QG-01,FG7(O)R,2x1.5,Line Supply,16
W-0613,QD-01,QS-01,FTG10M1,3x2.5+T,Emergency,25
W-0614,QS-01,QG-01,H07RN-F,4x10+T,Power,12
W-0615,QG-01,QS-01,FG7M1,1x2.5,Line Supply,6
W-0616,QG-01,QD-01,FTG10M1,3x2.5+T,Control & Signal,8
W-0617,QD-01,QS-01,FG7M1,3x1.5+T,Control & Signal,17
W-0618,QG-01,QD-01,FG16OR16,1x2.5,Control & Signal,19
W-0619,QS-01,QG-01,H07RN-F,5x16,Line Supply,11
W-0620,QS-01,QD-01,FG16OR16,3x6+T,Line Supply,20
W-0621,QG-01,QS-01,FTG10M1,5x16,Lighting,28
W-0622,QS-01,QD-01,FTG10M1,4x2.5,Line Supply,6
W-0623,QD-01,QS-01,FG7M1,3x2.5+T,Control & Signal,6
W-0624,QG-01,QD-01,FG7M1,4x10+T,Control & Signal,25
W-0625,QS-01,QD-01,FG7M1,5x16,Emergency,9
W-0626,QS-01,QD-01,FTG10M1,3x2.5+T,Emergency,26
W-0627,QS-01,QD-01,FG7(O)R,3x1.5+T,Emergency,27
W-0628,QG-01,QD-01,N07V-K,4x2.5,Line Supply,11
W-0629,QS-01,QG-01,FG7M1,3x2.5+T,Lighting,23
W-0630,QG-01,QS-01,FTG10M1,2x1.5,Line Supply,16
W-0631,QG-01,QD-01,FG7M1,3x2.5+T,Control & Signal,8
W-0632,QG-01,QS-01,FG16OR16,1x2.5,Emergency,21
W-0633,QD-01,QS-01,FG7M1,5x16,Data,5
W-0634,QD-01,QG-01,N07V-K,3x1.5+T,Power,7
W-0635,QD-01,QS-01,FG16OR16,4x10+T,Control & Signal,7
W-0636,QD-01,QS-01,H07RN-F,3x6+T,Control & Signal,10
W-0637,QD-01,QG-01,FG7(O)R,3x1.5+T,Control & Signal,22
W-0638,QS-01,QG-01,FG16OR16,4x10+T,Data,19
W-0639,QG-01,QD-01,FTG10M1,3x1.5+T,Line Supply,10
W-0640,QG-01,QS-01,N07V-K,3x2.5+T,Data,20
W-0641,QG-01,QS-01,H07RN-F,3x2.5+T,Emergency,28
W-0642,QG-01,QD-01,FG7M1,4x2.5,Data,7
W-0643,QS-01,QD-01,FG7(O)R,5x16,Data,12
W-0644,QS-01,QD-01,FG7M1,3x1.5+T,Line Supply,29
W-0645,QD-01,QG-01,FG16OR16,3x2.5+T,Line Supply,8
W-0646,QS-01,QG-01,FG7M1,3x1.5+T,Line Supply,18
W-0647,QS-01,QD-01,H07RN-F,3x2.5+T,Lighting,5
W-0648,QG-01,QD-01,N07V-K,2x1.5,Emergency,10
W-0649,QD-01,QS-01,FG7(O)R,2x1.5,Line Supply,6
W-0650,QS-01,QD-01,N07V-K,2x1.5,Emergency,27
W-0651,QD-01,QG-01,FG7(O)R,3x2.5+T,Power,8
W-0652,QS-01,QG-01,N07V-K,4x10+T,Control & Signal,6
W-0653,QD-01,QS-01,N07V-K,2x1.5,Lighting,6
W-0654,QD-01,QG-01,FG7(O)R,3x6+T,Emergency,18
W-0655,QG-01,QD-01,FG16OR16,3x2.5+T,Line Supply,5
W-0656,QS-01,QD-01,FG7M1,2x1.5,Lighting,19
W-0657,QG-01,QS-01,FG7M1,4x2.5,Lighting,18
W-0658,QG-01,QS-01,FG7M1,4x10+T,Power,12
W-0659,QG-01,QD-01,FG7M1,3x2.5+T,Line Supply,8
W-0660,QG-01,QS-01,N07V-K,4x2.5,Control & Signal,6
W-0661,QG-01,QS-01,FG16OR16,3x6+T,Power,12
W-0662,QS-01,QG-01,FG7M1,4x10+T,Emergency,14
W-0663,QS-01,QG-01,FG7M1,3x6+T,Line Supply,23
W-0664,QD-01,QS-01,N07V-K,3x1.5+T,Data,9
W-0665,QG-01,QD-01,FTG10M1,1x2.5,Data,9
W-0666,QD-01,QS-01,FTG10M1,3x1.5+T,Lighting,6
W-0667,QS-01,QG-01,FTG10M1,3x2.5+T,Lighting,6
W-0668,QG-01,QD-01,FG7(O)R,4x10+T,Power,30
W-0669,QS-01,QG-01,FG7(O)R,2x1.5,Data,8
W-0670,QG-01,QS-01,N07V-K,3x1.5+T,Control & Signal,13
W-0671,QG-01,QS-01,FG7(O)R,2x1.5,Line Supply,26
W-0672,QG-01,QS-01,FG16OR16,5x16,Control & Signal,17
W-0673,QG-01,QD-01,FG16OR16,5x16,Control & Signal,21
W-0674,QD-01,QS-01,FG7(O)R,3x2.5+T,Emergency,10
W-0675,QG-01,QD-01,H07RN-F,3x1.5+T,Power,21
W-0676,QD-01,QG-01,FG7(O)R,4x2.5,Emergency,12
W-0677,QD-01,QS-01,FG7(O)R,3x6+T,Emergency,7
W-0678,QD-01,QS-01,FTG10M1,1x2.5,Data,25
W-0679,QD-01,QG-01,FG7(O)R,4x2.5,Line Supply,21
W-0680,QG-01,QD-01,H07RN-F,4x2.5,Control & Signal,7
W-0681,QS-01,QG-01,FTG10M1,4x2.5,Emergency,11
W-0682,QG-01,QD-01,N07V-K,5x16,Emergency,18
W-0683,QD-01,QG-01,FG7M1,5x16,Emergency,7
W-0684,QG-01,QD-01,FTG10M1,4x10+T,Data,26
W-0685,QS-01,QD-01,N07V-K,1x2.5,Control & Signal,28
W-0686,QD-01,QS-01,FG7M1,5x16,Line Supply,8
W-0687,QD-01,QS-01,FG7(O)R,1x2.5,Line Supply,21
W-0688,QG-01,QS-01,FTG10M1,4x2.5,Data,13
W-0689,QG-01,QS-01,FG16OR16,3x1.5+T,Power,11
W-0690,QD-01,QG-01,FG16OR16,3x6+T,Data,26
W-0691,QS-01,QD-01,FTG10M1,4x10+T,Data,10
W-0692,QG-01,QS-01,H07RN-F,5x16,Emergency,13
W-0693,QS-01,QG-01,N07V-K,4x2.5,Line Supply,29
W-0694,QG-01,QD-01,FTG10M1,4x2.5,Lighting,30
W-0695,QD-01,QG-01,FG16OR16,4x10+T,Line Supply,24
W-0696,QG-01,QD-01,FG16OR16,1x2.5,Lighting,30
W-0697,QS-01,QG-01,FG7(O)R,3x2.5+T,Control & Signal,19
W-0698,QS-01,QD-01,FG16OR16,3x6+T,Control & Signal,20
W-0699,QD-01,QG-01,FG7(O)R,4x10+T,Lighting,23
W-0700,QG-01,QD-01,N07V-K,1x2.5,Lighting,29
W-0701,QD-01,QG-01,N07V-K,2x1.5,Line Supply,16
W-0702,QG-01,QS-01,FG7(O)R,1x2.5,Data,18
W-0703,QS-01,QD-01,FG7M1,3x6+T,Lighting,23
W-0704,QG-01,QD-01,N07V-K,4x10+T,Control & Signal,6
W-0705,QG-01,QS-01,N07V-K,3x6+T,Emergency,12
W-0706,QG-01,QD-01,N07V-K,4x10+T,Lighting,20
W-0707,QD-01,QS-01,FG7M1,3x6+T,Lighting,22
W-0708,QG-01,QS-01,FG16OR16,4x2.5,Lighting,17
W-0709,QG-01,QD-01,FTG10M1,3x6+T,Lighting,21
W-0710,QS-01,QG-01,FTG10M1,2x1.5,Control & Signal,29
W-0711,QG-01,QD-01,H07RN-F,2x1.5,Power,11
W-0712,QG-01,QD-01,FTG10M1,3x6+T,Data,24
W-0713,QG-01,QS-01,FG16OR16,5x16,Line Supply,10
W-0714,QS-01,QD-01,FG7M1,4x10+T,Control & Signal,26
W-0715,QG-01,QS-01,H07RN-F,1x2.5,Line Supply,30
W-0716,QD-01,QS-01,FG7M1,3x1.5+T,Emergency,17
W-0717,QG-01,QD-01,FG16OR16,3x6+T,Line Supply,13
W-0718,QG-01,QD-01,FG16OR16,2x1.5,Line Supply,13
W-0719,QD-01,QS-01,FG7(O)R,2x1.5,Lighting,23
W-0720,QD-01,QG-01,H07RN-F,4x2.5,Emergency,21
W-0721,QS-01,QD-01,N07V-K,3x1.5+T,Line Supply,11
W-0722,QS-01,QD-01,N07V-K,3x2.5+T,Lighting,13
W-0723,QG-01,QD-01,FG7M1,2x1.5,Data,15
W-0724,QG-01,QD-01,FTG10M1,1x2.5,Lighting,30
W-0725,QG-01,QD-01,FG7M1,3x2.5+T,Lighting,25
W-0726,QD-01,QS-01,FG16OR16,3x2.5+T,Control & Signal,13
W-0727,QD-01,QS-01,FG7M1,4x10+T,Emergency,7
W-0728,QG-01,QS-01,FG7(O)R,4x2.5,Emergency,17
W-0729,QD-01,QG-01,FG16OR16,1x2.5,Lighting,20
W-0730,QG-01,QD-01,FG7M1,3x2.5+T,Data,20
W-0731,QG-01,QS-01,FG16OR16,1x2.5,Power,17
W-0732,QD-01,QG-01,N07V-K,5x16,Emergency,12
W-0733,QD-01,QG-01,N07V-K,3x1.5+T,Data,13
W-0734,QG-01,QD-01,FTG10M1,3x2.5+T,Emergency,5
W-0735,QS-01,QG-01,FG7(O)R,4x10+T,Control & Signal,27
W-0736,QS-01,QG-01,FG16OR16,5x16,Data,30
W-0737,QS-01,QD-01,FTG10M1,3x6+T,Line Supply,20
W-0738,QD-01,QG-01,N07V-K,3x2.5+T,Data,30
W-0739,QD-01,QS-01,FG7M1,3x6+T,Control & Signal,29
W-0740,QD-01,QG-01,N07V-K,3x2.5+T,Data,8
W-0741,QD-01,QG-01,N07V-K,1x2.5,Control & Signal,16
W-0742,QD-01,QG-01,N07V-K,1x2.5,Emergency,15
W-0743,QD-01,QG-01,FG16OR16,4x2.5,Lighting,9
W-0744,QG-01,QS-01,FTG10M1,4x2.5,Emergency,12
W-0745,QS-01,QD-01,FG7M1,4x10+T,Lighting,23
W-0746,QS-01,QG-01,FG7M1,4x10+T,Control & Signal,20
W-0747,QG-01,QS-01,FG7(O)R,3x2.5+T,Power,24
W-0748,QS-01,QD-01,FG7(O)R,2x1.5,Line Supply,14
W-0749,QD-01,QG-01,FG16OR16,1x2.5,Power,8
W-0750,QG-01,QS-01,FG7M1,3x2.5+T,Line Supply,14
W-0751,QD-01,QS-01,FG16OR16,5x16,Power,16
W-0752,QD-01,QS-01,N07V-K,4x10+T,Lighting,24
W-0753,QG-01,QD-01,FG7(O)R,1x2.5,Power,20
W-0754,QG-01,QS-01,FTG10M1,5x16,Data,6
W-0755,QD-01,QG-01,FG7(O)R,3x2.5+T,Data,24
W-0756,QD-01,QS-01,N07V-K,5x16,Power,14
W-0757,QG-01,QD-01,H07RN-F,4x10+T,Power,7
W-0758,QG-01,QS-01,H07RN-F,4x10+T,Control & Signal,13
W-0759,QS-01,QG-01,N07V-K,3x1.5+T,Data,9
W-0760,QS-01,QD-01,FTG10M1,5x16,Data,10
W-0761,QD-01,QS-01,FG7M1,3x6+T,Control & Signal,18
W-0762,QG-01,QS-01,FG16OR16,4x2.5,Line Supply,13
W-0763,QG-01,QS-01,N07V-K,3x6+T,Power,12
W-0764,QS-01,QG-01,FTG10M1,3x1.5+T,Power,12
W-0765,QD-01,QG-01,FG7(O)R,2x1.5,Data,11
W-0766,QS-01,QG-01,FG7(O)R,4x2.5,Control & Signal,16
W-0767,QS-01,QG-01,FG16OR16,3x6+T,Lighting,29
W-0768,QS-01,QG-01,FG16OR16,1x2.5,Data,14
W-0769,QD-01,QG-01,FG7(O)R,3x6+T,Emergency,24
W-0770,QD-01,QS-01,FG16OR16,3x6+T,Emergency,21
W-0771,QD-01,QS-01,N07V-K,1x2.5,Line Supply,10
W-0772,QD-01,QG-01,N07V-K,3x1.5+T,Emergency,13
W-0773,QD-01,QG-01,FG7M1,3x6+T,Control & Signal,10
W-0774,QD-01,QS-01,H07RN-F,3x1.5+T,Data,25
W-0775,QS-01,QD-01,FG7M1,2x1.5,Emergency,30
W-0776,QG-01,QD-01,FG16OR16,5x16,Lighting,27
W-0777,QD-01,QS-01,FG16OR16,2x1.5,Emergency,18
W-0778,QG-01,QS-01,H07RN-F,3x6+T,Control & Signal,16
W-0779,QG-01,QS-01,N07V-K,3x2.5+T,Control & Signal,19
W-0780,QS-01,QG-01,FG7(O)R,1x2.5,Power,8
W-0781,QD-01,QS-01,FG16OR16,4x10+T,Line Supply,29
W-0782,QD-01,QS-01,FG16OR16,4x2.5,Line Supply,26
W-0783,QG-01,QD-01,FG7M1,3x6+T,Lighting,20
W-0784,QG-01,QS-01,FG16OR16,2x1.5,Emergency,18
W-0785,QD-01,QS-01,H07RN-F,4x10+T,Line Supply,26
W-0786,QD-01,QS-01,N07V-K,3x6+T,Emergency,22
W-0787,QS-01,QD-01,FG7M1,4x2.5,Line Supply,25
W-0788,QD-01,QS-01,FG7M1,4x10+T,Control & Signal,14
W-0789,QD-01,QS-01,FTG10M1,3x1.5+T,Lighting,27
W-0790,QS-01,QD-01,FTG10M1,3x1.5+T,Data,29
W-0791,QD-01,QG-01,H07RN-F,3x2.5+T,Control & Signal,30
W-0792,QD-01,QS-01,FTG10M1,2x1.5,Power,23
W-0793,QG-01,QD-01,H07RN-F,5x16,Lighting,5
W-0794,QG-01,QD-01,FG16OR16,2x1.5,Emergency,21
W-0795,QG-01,QD-01,FG16OR16,3x6+T,Data,14
W-0796,QD-01,QG-01,N07V-K,3x2.5+T,Control & Signal,25
W-0797,QD-01,QS-01,H07RN-F,3x2.5+T,Data,17
W-0798,QD-01,QG-01,H07RN-F,3x1.5+T,Data,15
W-0799,QD-01,QS-01,N07V-K,3x6+T,Line Supply,26
W-0800,QS-01,QG-01,H07RN-F,3x1.5+T,Power,29
W-0801,QG-01,QD-01,H07RN-F,2x1.5,Emergency,14
W-0802,QG-01,QD-01,FG7M1,2x1.5,Lighting,17
W-0803,QG-01,QS-01,FG7M1,1x2.5,Line Supply,29
W-0804,QD-01,QS-01,H07RN-F,4x2.5,Power,12
W-0805,QD-01,QG-01,H07RN-F,4x10+T,Line Supply,5
W-0806,QS-01,QD-01,N07V-K,3x1.5+T,Power,24
W-0807,QG-01,QS-01,N07V-K,4x2.5,Data,6
W-0808,QD-01,QS-01,H07RN-F,3x1.5+T,Line Supply,16
W-0809,QG-01,QS-01,N07V-K,4x2.5,Data,22
W-0810,QS-01,QD-01,FG7(O)R,3x6+T,Emergency,5
W-0811,QD-01,QG-01,FG7M1,4x10+T,Power,18
W-0812,QS-01,QD-01,FG7(O)R,3x2.5+T,Control & Signal,18
W-0813,QD-01,QG-01,FG16OR16,2x1.5,Emergency,21
W-0814,QG-01,QD-01,FG16OR16,4x2.5,Line Supply,15
W-0815,QS-01,QG-01,H07RN-F,2x1.5,Power,16
W-0816,QG-01,QD-01,H07RN-F,4x2.5,Power,21
W-0817,QD-01,QG-01,FTG10M1,5x16,Power,7
W-0818,QD-01,QG-01,FG7M1,5x16,Lighting,12
W-0819,QS-01,QD-01,N07V-K,3x2.5+T,Emergency,10
W-0820,QD-01,QS-01,N07V-K,2x1.5,Power,22
W-0821,QD-01,QG-01,FG16OR16,2x1.5,Emergency,7
W-0822,QS-01,QD-01,N07V-K,1x2.5,Control & Signal,18
W-0823,QG-01,QS-01,N07V-K,4x10+T,Line Supply,6
W-0824,QD-01,QS-01,FG16OR16,3x1.5+T,Line Supply,13
W-0825,QD-01,QG-01,N07V-K,2x1.5,Lighting,19
W-0826,QS-01,QG-01,FG16OR16,4x2.5,Emergency,5
W-0827,QG-01,QD-01,FG7(O)R,3x1.5+T,Power,6
W-0828,QD-01,QG-01,H07RN-F,3x6+T,Control & Signal,23
W-0829,QS-01,QG-01,FG7(O)R,4x2.5,Lighting,23
W-0830,QS-01,QG-01,FG7(O)R,3x6+T,Control & Signal,7
W-0831,QG-01,QD-01,FG7(O)R,3x2.5+T,Emergency,5
W-0832,QD-01,QS-01,H07RN-F,1x2.5,Data,6
W-0833,QG-01,QS-01,FTG10M1,3x1.5+T,Data,14
W-0834,QG-01,QD-01,FG7M1,3x1.5+T,Power,26
W-0835,QG-01,QS-01,FTG10M1,5x16,Control & Signal,28
W-0836,QS-01,QD-01,FG7M1,2x1.5,Power,19
W-0837,QS-01,QD-01,FG7(O)R,1x2.5,Lighting,14
W-0838,QD-01,QG-01,FG16OR16,5x16,Emergency,27
W-0839,QS-01,QD-01,FG16OR16,3x2.5+T,Emergency,14
W-0840,QD-01,QS-01,N07V-K,1x2.5,Power,16
W-0841,QS-01,QD-01,FG7(O)R,3x2.5+T,Line Supply,6
W-0842,QD-01,QG-01,FG7(O)R,2x1.5,Power,9
W-0843,QS-01,QD-01,FG16OR16,3x2.5+T,Emergency,8
W-0844,QG-01,QD-01,N07V-K,4x2.5,Data,9
W-0845,QD-01,QS-01,H07RN-F,1x2.5,Line Supply,16
W-0846,QD-01,QS-01,FG16OR16,2x1.5,Power,9
W-0847,QS-01,QD-01,FG7(O)R,5x16,Power,30
W-0848,QS-01,QD-01,FTG10M1,3x1.5+T,Lighting,26
W-0849,QS-01,QD-01,H07RN-F,1x2.5,Line Supply,9
W-0850,QD-01,QS-01,FG16OR16,1x2.5,Lighting,22
W-0851,QG-01,QD-01,FG7(O)R,2x1.5,Emergency,18
W-0852,QS-01,QD-01,N07V-K,3x1.5+T,Lighting,22
W-0853,QD-01,QG-01,H07RN-F,1x2.5,Lighting,5
W-0854,QD-01,QS-01,N07V-K,3x6+T,Control & Signal,24
W-0855,QG-01,QD-01,N07V-K,3x1.5+T,Power,17
W-0856,QG-01,QS-01,H07RN-F,4x10+T,Lighting,25
W-0857,QD-01,QS-01,FG16OR16,5x16,Line Supply,22
W-0858,QS-01,QD-01,FG7(O)R,2x1.5,Control & Signal,22
W-0859,QS-01,QD-01,FTG10M1,1x2.5,Power,26
W-0860,QD-01,QS-01,FG7M1,3x2.5+T,Emergency,17
W-0861,QD-01,QG-01,FTG10M1,4x2.5,Lighting,29
W-0862,QS-01,QG-01,FTG10M1,4x10+T,Control & Signal,22
W-0863,QS-01,QG-01,H07RN-F,4x10+T,Control & Signal,13
W-0864,QS-01,QD-01,H07RN-F,5x16,Power,15
W-0865,QG-01,QS-01,H07RN-F,3x2.5+T,Control & Signal,12
W-0866,QD-01,QS-01,FG7M1,2x1.5,Power,23
W-0867,QD-01,QG-01,H07RN-F,3x1.5+T,Data,29
W-0868,QS-01,QG-01,H07RN-F,2x1.5,Line Supply,18
W-0869,QS-01,QG-01,FG16OR16,4x2.5,Emergency,26
W-0870,QD-01,QG-01,H07RN-F,1x2.5,Emergency,25
W-0871,QS-01,QG-01,H07RN-F,2x1.5,Power,25
W-0872,QS-01,QG-01,N07V-K,3x2.5+T,Power,23
W-0873,QG-01,QD-01,N07V-K,4x2.5,Line Supply,6
W-0874,QD-01,QG-01,N07V-K,4x10+T,Power,19
W-0875,QS-01,QD-01,FG7M1,3x2.5+T,Control & Signal,28
W-0876,QG-01,QD-01,FG7M1,3x6+T,Emergency,9
W-0877,QG-01,QS-01,FTG10M1,5x16,Data,12
W-0878,QD-01,QS-01,FG7(O)R,5x16,Data,6
W-0879,QG-01,QS-01,FG16OR16,5x16,Power,24
W-0880,QS-01,QD-01,FTG10M1,3x6+T,Power,16
W-0881,QS-01,QD-01,FG7(O)R,4x2.5,Line Supply,19
W-0882,QG-01,QD-01,FG16OR16,1x2.5,Data,16
W-0883,QD-01,QS-01,FTG10M1,4x2.5,Line Supply,16
W-0884,QS-01,QD-01,H07RN-F,4x2.5,Lighting,6
W-0885,QG-01,QS-01,H07RN-F,3x6+T,Line Supply,22
W-0886,QG-01,QS-01,FG16OR16,2x1.5,Emergency,7
W-0887,QD-01,QS-01,H07RN-F,3x1.5+T,Lighting,14
W-0888,QD-01,QS-01,H07RN-F,2x1.5,Power,29
W-0889,QS-01,QG-01,H07RN-F,3x6+T,Control & Signal,18
W-0890,QD-01,QG-01,FG7(O)R,3x2.5+T,Line Supply,24
W-0891,QG-01,QD-01,FG7(O)R,1x2.5,Line Supply,9
W-0892,QS-01,QD-01,FTG10M1,4x10+T,Data,29
W-0893,QS-01,QG-01,FG7(O)R,3x6+T,Line Supply,9
W-0894,QG-01,QD-01,FG7M1,3x6+T,Data,14
W-0895,QD-01,QG-01,FTG10M1,3x6+T,Power,11
W-0896,QG-01,QD-01,FG7(O)R,3x2.5+T,Power,18
W-0897,QD-01,QS-01,FTG10M1,4x2.5,Power,11
W-0898,QD-01,QG-01,FG7(O)R,4x2.5,Control & Signal,29
W-0899,QD-01,QG-01,FG7M1,1x2.5,Power,27
W-0900,QS-01,QG-01,H07RN-F,4x10+T,Lighting,9
W-0901,QG-01,QD-01,FG16OR16,3x6+T,Line Supply,23
W-0902,QG-01,QS-01,FG7M1,4x2.5,Power,26
W-0903,QD-01,QS-01,FG7(O)R,1x2.5,Data,21
W-0904,QS-01,QG-01,FTG10M1,4x2.5,Control & Signal,27
W-0905,QG-01,QD-01,FG7M1,4x2.5,Lighting,7
W-0906,QS-01,QG-01,FG16OR16,3x2.5+T,Data,5
W-0907,QG-01,QD-01,FTG10M1,4x10+T,Lighting,9
W-0908,QD-01,QG-01,FG7M1,2x1.5,Line Supply,22
W-0909,QS-01,QG-01,FG7(O)R,5x16,Line Supply,15
W-0910,QG-01,QD-01,FG7M1,4x2.5,Data,24
W-0911,QD-01,QS-01,H07RN-F,4x2.5,Power,23
W-0912,QS-01,QG-01,H07RN-F,3x6+T,Emergency,8
W-0913,QS-01,QG-01,N07V-K,3x2.5+T,Line Supply,28
W-0914,QD-01,QS-01,H07RN-F,3x6+T,Data,24
W-0915,QG-01,QS-01,H07RN-F,3x2.5+T,Line Supply,22
W-0916,QS-01,QG-01,FG7(O)R,1x2.5,Data,23
W-0917,QG-01,QS-01,H07RN-F,3x6+T,Power,29
W-0918,QD-01,QG-01,FG7(O)R,3x1.5+T,Emergency,13
W-0919,QS-01,QG-01,FG7M1,3x1.5+T,Control & Signal,19
W-0920,QD-01,QS-01,N07V-K,3x1.5+T,Data,15
W-0921,QD-01,QG-01,FG7M1,5x16,Data,12
W-0922,QD-01,QG-01,FG16OR16,3x1.5+T,Data,11
W-0923,QG-01,QD-01,FG16OR16,1x2.5,Emergency,8
W-0924,QS-01,QD-01,H07RN-F,3x2.5+T,Line Supply,11
W-0925,QS-01,QD-01,N07V-K,3x2.5+T,Line Supply,18
W-0926,QD-01,QS-01,H07RN-F,1x2.5,Data,13
W-0927,QS-01,QG-01,N07V-K,4x10+T,Power,9
W-0928,QS-01,QD-01,FTG10M1,2x1.5,Power,9
W-0929,QG-01,QS-01,FTG10M1,5x16,Power,5
W-0930,QD-01,QG-01,N07V-K,1x2.5,Control & Signal,20
W-0931,QS-01,QD-01,N07V-K,4x2.5,Line Supply,27
W-0932,QS-01,QD-01,N07V-K,4x2.5,Lighting,8
W-0933,QD-01,QG-01,H07RN-F,4x10+T,Lighting,7
W-0934,QG-01,QD-01,H07RN-F,1x2.5,Line Supply,8
W-0935,QD-01,QG-01,N07V-K,4x10+T,Lighting,26
W-0936,QS-01,QG-01,H07RN-F,4x10+T,Power,13
W-0937,QD-01,QS-01,FG7(O)R,1x2.5,Power,17
W-0938,QS-01,QD-01,FG16OR16,3x1.5+T,Data,20
W-0939,QG-01,QD-01,FG16OR16,4x10+T,Power,25
W-0940,QD-01,QS-01,FG7(O)R,3x6+T,Power,24
W-0941,QG-01,QS-01,FG16OR16,5x16,Control & Signal,5
W-0942,QG-01,QS-01,FG7M1,3x2.5+T,Power,7
W-0943,QD-01,QS-01,FTG10M1,2x1.5,Line Supply,12
W-0944,QS-01,QD-01,FTG10M1,2x1.5,Line Supply,27
W-0945,QS-01,QG-01,FG7(O)R,5x16,Emergency,22
W-0946,QS-01,QG-01,FTG10M1,3x6+T,Emergency,18
W-0947,QS-01,QG-01,N07V-K,4x10+T,Lighting,21
W-0948,QS-01,QG-01,N07V-K,3x1.5+T,Data,17
W-0949,QD-01,QG-01,FG7(O)R,4x10+T,Power,20
W-0950,QD-01,QG-01,FG7M1,4x10+T,Line Supply,28
W-0951,QG-01,QS-01,FG7(O)R,3x6+T,Line Supply,24
W-0952,QG-01,QD-01,FG7M1,2x1.5,Power,19
W-0953,QS-01,QD-01,FG7(O)R,1x2.5,Power,24
W-0954,QG-01,QD-01,H07RN-F,4x10+T,Emergency,29
W-0955,QS-01,QG-01,N07V-K,3x2.5+T,Power,14
W-0956,QS-01,QD-01,FG7(O)R,3x2.5+T,Lighting,18
W-0957,QD-01,QG-01,FG7(O)R,3x1.5+T,Emergency,24
W-0958,QG-01,QD-01,FG7M1,5x16,Data,18
W-0959,QG-01,QS-01,FG7(O)R,5x16,Emergency,13
W-0960,QD-01,QS-01,H07RN-F,1x2.5,Power,7
W-0961,QG-01,QD-01,H07RN-F,4x10+T,Data,24
W-0962,QS-01,QG-01,N07V-K,3x6+T,Control & Signal,16
W-0963,QS-01,QD-01,FTG10M1,5x16,Power,8
W-0964,QS-01,QD-01,FTG10M1,3x1.5+T,Control & Signal,8
W-0965,QG-01,QD-01,FTG10M1,2x1.5,Data,17
W-0966,QS-01,QG-01,FG16OR16,5x16,Lighting,19
W-0967,QS-01,QD-01,FG7M1,4x10+T,Power,25
W-0968,QG-01,QS-01,FTG10M1,3x2.5+T,Lighting,10
W-0969,QG-01,QS-01,FG7M1,4x10+T,Data,20
W-0970,QG-01,QD-01,N07V-K,4x10+T,Line Supply,22
W-0971,QG-01,QD-01,FG7(O)R,3x2.5+T,Power,27
W-0972,QD-01,QG-01,N07V-K,3x1.5+T,Power,19
W-0973,QG-01,QS-01,FG7M1,4x10+T,Lighting,18
W-0974,QD-01,QS-01,FTG10M1,4x10+T,Lighting,9
W-0975,QG-01,QS-01,N07V-K,4x2.5,Line Supply,5
W-0976,QS-01,QD-01,H07RN-F,4x2.5,Power,18
W-0977,QS-01,QD-01,H07RN-F,5x16,Lighting,14
W-0978,QS-01,QD-01,N07V-K,3x1.5+T,Data,22
W-0979,QS-01,QD-01,FG16OR16,5x16,Line Supply,25
W-0980,QS-01,QG-01,FTG10M1,4x10+T,Data,23
W-0981,QS-01,QG-01,FTG10M1,3x2.5+T,Emergency,9
W-0982,QG-01,QD-01,FG7M1,2x1.5,Line Supply,30
W-0983,QD-01,QG-01,FTG10M1,3x6+T,Data,15
W-0984,QS-01,QG-01,FG7M1,3x1.5+T,Lighting,13
W-0985,QS-01,QG-01,FG7(O)R,3x2.5+T,Emergency,7
W-0986,QG-01,QS-01,N07V-K,3x6+T,Power,30
W-0987,QG-01,QD-01,FG16OR16,1x2.5,Lighting,30
W-0988,QD-01,QG-01,FG16OR16,1x2.5,Control & Signal,5
W-0989,QS-01,QG-01,H07RN-F,1x2.5,Power,7
W-0990,QS-01,QD-01,N07V-K,3x2.5+T,Data,13
W-0991,QS-01,QG-01,N07V-K,5x16,Lighting,9
W-0992,QS-01,QD-01,FTG10M1,3x2.5+T,Emergency,24
W-0993,QD-01,QG-01,FG7(O)R,4x10+T,Line Supply,11
W-0994,QD-01,QS-01,FG16OR16,3x1.5+T,Line Supply,7
W-0995,QG-01,QS-01,FG7(O)R,3x2.5+T,Control & Signal,29
W-0996,QD-01,QG-01,H07RN-F,1x2.5,Power,27
W-0997,QS-01,QD-01,FG7(O)R,5x16,Power,19
W-0998,QS-01,QD-01,FTG10M1,3x2.5+T,Line Supply,26
W-0999,QG-01,QS-01,H07RN-F,4x10+T,Control & Signal,24
W-1000,QS-01,QG-01,FG7(O)R,2x1.5,Data,15
